<?xml version="1.0" encoding="UTF-8" standalone="yes"?>
<addon id="repository.doncopion" name="[COLOR white]Don [COLOR deeppink]Copion [COLOR white]Repo[/COLOR]" version="1.0" provider-name="Don Copion">
    <extension point="xbmc.addon.repository" name="Don Copion Repo">
        <info>https://raw.githubusercontent.com/DonCopion/repodoncopion/master/Repositorio/addons.xml</info>
        <checksum>https://raw.githubusercontent.com/DonCopion/repodoncopion/master/Repositorio/addons.xml.md5</checksum>
        <datadir zip="true">https://raw.githubusercontent.com/DonCopion/repodoncopion/master/Repositorio/</datadir>
    </extension>
    <extension point="xbmc.addon.metadata">
        <summary>Repositorio Don Copion</summary>
        <description></description>
        <disclaimer></disclaimer>
        <platform>all</platform>
    </extension>
</addon>
