<?xml version="1.0" encoding="UTF-8" standalone="yes"?>
<addon id="plugin.video.revoluar"
       name="[COLOR red]REVO[COLOR gold]LUAR[/COLOR]" 
       version="0.0.4"
       provider-name="LUAR">
  <requires>
    <import addon="xbmc.python" version="2.1.0"/>
    <import addon="script.module.beautifulsoup" version="3.2.1"/>
    <import addon="script.module.simple.downloader" version="0.9.4"/>
    <import addon="script.module.beautifulsoup4" />
    <import addon="script.module.requests" />
    <import addon="script.module.httplib2" />
    <import addon="script.module.liveresolver" version="0.1.24" optional="true"/>
    <import addon="script.module.youtube.dl" optional="true"/>
    <import addon="plugin.video.youtube" />
    <import addon="script.module.urlresolver" />
	<import addon="script.module.resolveurl" />
    <import addon="script.module.inputstreamhelper" optional="true"/>  
    <import addon="script.module.livestreamer" optional="true"/>
    <import addon="script.module.slproxy" optional="true"/>
	<import addon="script.module.simplejson" />
    <import addon="script.module.livestreamer" optional="true"/>
    <import addon="script.module.pyamf" optional="true"/>
  </requires>
  <extension point="xbmc.python.pluginsource" library="default.py">
    <provides>video audio</provides>
  </extension> 
  

  <extension point="xbmc.addon.metadata">
    <summary>Creado por Luar</summary>
    <description>ESTE ADDON HA SIDO CREADO CON EXCLUSIVO ANIMO DE TENER CONCENTRADOS LOS ACCESOS DIRECTOS A ENLACES DE MULTIPLES TERCEROS EN INTERNET. EL CREADOR NO CUENTA CON SERVIDORES QUE ALOJEN NINGUNO DE LOS CONTENIDOS NI OBTIENE NINGUN GENERO NI CLASE DE LUCRO DIRECTO O INDIRECTO POR SU UTILIZACION</description>
    <platform>all</platform>
  </extension>
</addon>
